"0","rlnorm(10,mu,sigma)    # 10 samples"
"1"," [1]"
"1"," 100.54315"
"1"," 113.25114"
"1"," 117.54385"
"1","  95.82069"
"1"," 130.56006"
"1"," 124.54666"
"1"," 110.67930"
"1","  97.04359"
"1","  94.75921"
"1"," 122.29388"
"1","
"
"0","rlnorm(1,mu,sigma)      # 1 sample"
"1","[1]"
"1"," 125.6267"
"1","
"
